unit, blablalink, ids
helm, 352, 235201,235202,235203,235204,235205,235206,235207,235208,235209,235210,235211
lud, 194, 319401,319402,319403,319404,319405,319406,319407,319408,319409,319410,319411
qeq, 403, 140301,140302,140303,140304,140305,140306,140307,140308,140309,140310,140311
bready, 520, 352001,352002,352003,352004,352005,352006,352007,352008,352009,352010,352011
viper, 112, 311201,311202,311203,311204,311205,311206,311207,311208,311209,311210,311211
xguill, 182, 218201,218202,218203,218204,218205,218206,218207,218208,218209,218210,218211
fasuka, 830,583001,583002,583003,583004,583005,583006,583007,583008,583009,583010,583011
frei, 831, 201601,201602,201603,201604,201605,201606,201607,201608,201609,201610,201611
modernia, 260, 426001,426002,426003,426004,426005,426006,426007,426008,426009,426010,426011
alice, 191, 319101,319102,319103,319104,319105,319106,319107,319108,319109,319110,319111
rrh, 16, 201601,201602,201603,201604,201605,201606,201607,201608,201609,201610,201611
drake, 101, 110101,110102,110103,110104,110105,110106,110107,110108,110109,110110,110111
sbs, 225, 201601,201602,201603,201604,201605,201606,201607,201608,201609,201610,201611
wasuka, 835, 583501,583502,583503,583504,583505,583506,583507,583508,583509,583510,583511
wrei, 834, 583401,583402,583403,583404,583405,583406,583407,583408,583409,583410,583411
mana, 290, 129001,129002,129003,129004,129005,129006,129007,129008,129009,129010,129011
ssakura, 294, 328401,328402,328403,328404,328405,328406,328407,328408,328409,328410,328411
redhood, 470,447001,447002,447003,447004,447005,447006,447007,447008,447009,447010,447011
laplace, 100, 110001,110002,110003,110004,110005,110006,110007,110008,110009,110010,110011
maxwell, 102, 110201,110202,110203,110204,110205,110206,110207,110208,110209,110210,110211
bsoda, 314, 331401,331402,331403,331404,331405,331406,331407,331408,331409,331410,331411
snowwhite, 220, 422001,422002,422003,422004,422005,422006,422007,422008,422009,422010,422011
cindy, 511,451101,451102,451103,451104,451105,451106,451107,451108,451109,451110,451111
sanis, 15, 301501,301502,301503,301504,301505,301506,301507,301508,301509,301510,301511
ein, 391, 139101,139102,139103,139104,139105,139106,139107,139108,139109,139110,139111
exia, 210, 321001,321002,321003,321004,321005,321006,321007,321008,321009,321010,321011
xmaiden, 183, 218301,218302,218303,218304,218305,218306,218307,218308,218309,218310,218311
